Mariellen,MacSkeagan,519-66-2440,Room 1509
Terry,Poor,807-13-9244,PO Box 18468
Alain,Wallington,869-51-1323,9th Floor
Patrizio,Sines,355-07-9850,Suite 73
Alvira,Cornau,105-69-9758,
Chrystel,Bowring,563-87-1329,Suite 16
Lanny,Orr,412-13-5975,Room 753
Felita,Luck,263-27-8526,PO Box 43878
Llywellyn,Parbrook,,Apt 719
Minette,Lyburn,,10th Floor
Adrian,Tod,553-18-5394,Apt 313
Guenevere,Knappe,820-95-5881,
Tansy,Tomasicchio,,20th Floor
Bobbe,Blindermann,347-28-4408,Suite 5
Waiter,Iannelli,794-85-2201,Suite 69
Tome,Very,369-92-7350,7th Floor
Halsy,Jedrzej,,PO Box 62224
Cyril,Kneafsey,139-58-5412,4th Floor
Steve,Muck,332-15-5950,Suite 100
Eli,MacNish,678-10-1824,15th Floor
Lorettalorna,Hatfield,870-67-8221,7th Floor
Reinaldos,Swallwell,293-08-5323,2nd Floor
Pearl,Muscott,709-99-4589,Apt 1026
Hazlett,Roofe,764-94-8847,13th Floor
Mara,Illem,439-35-6766,Room 799
Jilly,Druhan,624-33-5000,Apt 1927
Obed,Whelpdale,237-28-5824,16th Floor
Eddy,Joselson,597-01-8195,PO Box 54024
Wileen,Regus,723-29-9439,Room 1640
Dallis,Edmonstone,606-30-6064,PO Box 79451
Gareth,O'Fallone,556-96-3614,PO Box 28416
Sigrid,Diemer,513-27-4523,Apt 1209
Kirstin,Guillart,,PO Box 64502
Tiphany,Dovington,378-47-1554,Suite 65
Ignace,Spafford,880-11-0776,Room 1517
Inez,Fenck,499-07-9103,PO Box 37826
Web,Hillan,,Apt 1942
Ilsa,Skydall,211-11-6187,Apt 159
Zaria,Brameld,284-26-0972,Room 1321
Adler,Shore,547-41-2272,Room 1720
Tymon,Richings,341-48-7177,PO Box 65397
Izaak,O' Hanvey,602-22-1759,Room 104
Thornton,Marriott,515-76-2528,Apt 417
Rosalinde,Defew,345-34-9637,13th Floor
Ann,Frapwell,761-82-5942,4th Floor
Hamlin,Thoumas,110-85-8671,
Alicia,Kildea,,Suite 73
Hayward,Alasdair,790-32-0705,Apt 518
Bernadette,Ofer,,Apt 1647
Maryann,Ferby,404-89-5940,Suite 33
Noby,Aronowitz,442-11-7542,Room 1758
Alejandro,Hopfner,663-29-4085,PO Box 203
Viviene,Burnall,498-23-4444,PO Box 11909
Janenna,Nano,605-18-0884,Suite 23
Lettie,Sandiford,743-58-6285,Apt 1440
Obediah,Giovannini,694-19-6566,Suite 51
Renate,Ivkovic,446-18-8019,Suite 41
Yasmin,Quigley,618-10-3745,Suite 59
Esdras,Roistone,578-01-7605,PO Box 39885
Hilliard,Crowden,187-75-3002,Room 531
Genovera,Knowlden,,
Clarke,Radbond,474-07-7807,PO Box 18087
Renae,Gledstane,126-76-6226,Apt 276
Bill,Ostrich,428-25-4580,PO Box 82758
Viviene,Scotford,321-97-0519,Room 612
Carroll,Lubomirski,428-41-3992,6th Floor
Marne,Treacy,860-46-9926,10th Floor
Garrik,Grigorushkin,518-31-9720,PO Box 21180
Teador,Bowerbank,591-70-8905,7th Floor
Leonerd,McTrustam,273-73-8204,Apt 787
Wendell,Yerson,300-36-1129,PO Box 55038
Morly,Coult,114-61-9587,
Maurene,Keetch,,Room 1964
Joelynn,Biggadyke,624-38-9587,
Truda,Unstead,,Apt 296
Lorry,Doran,106-28-0992,7th Floor
Elke,Yglesia,699-65-8751,Apt 1248
Amalita,Stanworth,355-29-9212,17th Floor
Gwenny,Stoney,658-67-7993,Apt 2000
Julian,Borham,530-91-5858,PO Box 77138
Martie,Cothey,222-79-5754,PO Box 31312
Torrin,Oglethorpe,518-86-4216,PO Box 80002
Myrle,Search,755-90-5193,
Izak,Pynn,238-82-5436,Suite 20
Barbi,Blanche,821-92-4881,
Kyla,Maud,604-06-8629,
Netti,MacGillavery,890-81-5278,Room 1942
Kip,Coutts,102-80-7694,Apt 291
Simone,Davitt,393-35-0177,Room 14
Anna,Rizzi,297-45-4226,
Ynes,Adran,,Room 1590
Wit,Kattenhorn,665-42-0841,Suite 14
Osborne,Lavelle,309-47-2835,Suite 64
Jenda,Andreolli,129-04-5142,5th Floor
Grange,Bane,702-46-1255,6th Floor
Karim,Luckett,,PO Box 47875
Suzanna,Damrell,,Room 1429
Renie,Shields,167-10-0134,Room 1390
Brant,Mathis,610-97-9972,PO Box 67837