1,Nariko,Clitherow,nclitherow0@plala.or.jp,Female,
2,Ddene,Clues,dclues1@freewebs.com,Female,514-27-5989
3,West,Stangoe,,Male,270-68-3502
4,Adey,Shayes,ashayes3@spiegel.de,Female,638-57-8405
5,Ernest,,esherrington4@tuttocitta.it,Male,166-83-0045
6,Britt,Burmaster,,Female,688-98-0477
7,Cookie,Measor,cmeasor6@twitter.com,Genderqueer,327-40-6160
8,Hollyanne,,hsharrier7@cyberchimps.com,Female,308-51-3209
9,Lida,Parncutt,lparncutt8@squarespace.com,Female,878-91-7159
10,Randa,Ferrers,rferrers9@addtoany.com,Female,502-88-3237
11,Vernon,Robiou,,Male,524-21-9889
12,Sisely,Phetteplace,sphetteplaceb@nifty.com,Female,378-49-1175
13,Bank,Dineges,,Male,783-67-2373
14,Cassandre,Moden,,Female,419-53-4092
15,Elsworth,Merrin,,Male,226-76-3503
16,Aubrey,Uzielli,,Female,161-77-4131
17,David,McConnell,,Male,843-21-1207
18,Adriaens,Keedy,akeedyh@yolasite.com,Female,149-03-3872
19,Sanson,Howlin,showlini@cbslocal.com,Male,497-10-0803
20,Arnold,Labell,alabellj@opera.com,Male,493-77-3290
21,Skip,Durran,,Male,662-86-4904
22,Guthrey,,gjaffrayl@rakuten.co.jp,Male,580-85-4271
23,Mame,Enrigo,menrigom@newyorker.com,Female,826-76-7284
24,Bjorn,Sebborn,bsebbornn@thetimes.co.uk,Male,836-86-8837
25,Oralia,Marfe,,Female,628-42-4318
26,Adriana,Stirrup,astirrupp@cdbaby.com,Female,453-15-4554
27,Randie,Lennie,rlennieq@taobao.com,Female,787-43-2622
28,Onfre,Lomaz,olomazr@cbsnews.com,Male,
29,Lek,Wardington,lwardingtons@photobucket.com,Male,722-27-0743
30,Fredericka,,fledburyt@aboutads.info,Female,235-85-1189
31,Pete,Driutti,pdriuttiu@home.pl,Male,177-91-6426
32,Yankee,Codi,ycodiv@ovh.net,Male,
33,Hillyer,Olivari,holivariw@github.io,Male,110-61-9627
34,Dill,Dakers,ddakersx@arstechnica.com,Male,155-40-9839
35,Nollie,Plewes,nplewesy@china.com.cn,Male,338-50-9205
36,Steffi,Jeaneau,sjeaneauz@ustream.tv,Female,668-90-6165
37,Betteanne,Biddwell,bbiddwell10@exblog.jp,Female,853-85-4497
38,Virginia,Casin,vcasin11@edublogs.org,Female,260-51-7942
39,Germayne,Jorat,,Male,551-49-3342
40,Nicki,Whoston,,Female,301-94-8168
41,Etti,Inglesant,einglesant14@mail.ru,Female,558-87-5973
42,Meaghan,Tingley,mtingley15@liveinternet.ru,Female,483-44-8199
43,Carola,Allardyce,,Female,416-84-8661
44,Tansy,Keeri,tkeeri17@unblog.fr,Genderqueer,518-69-5862
45,Clementia,Vidgeon,cvidgeon18@mediafire.com,Female,127-70-6353
46,North,Parsonage,,Bigender,159-06-5385
47,Joshuah,,,Male,
48,Rob,Mattock,rmattock1b@usda.gov,Male,114-61-7962
49,Hollyanne,Lube,hlube1c@hatena.ne.jp,Female,318-75-6718
50,Bryn,Shimmings,bshimmings1d@mayoclinic.com,Male,
51,Merrielle,Thairs,mthairs1e@mlb.com,Female,893-78-0175
52,Eldredge,Colpus,,Male,744-79-6406
53,Suzi,Philippon,sphilippon1g@unicef.org,Genderqueer,626-93-0246
54,Joshua,,,Male,419-68-0879
55,Sholom,Rounding,srounding1i@bing.com,Male,839-62-4116
56,Tedman,Stables,tstables1j@nymag.com,Male,
57,Christa,Bednall,cbednall1k@blogspot.com,Female,
58,Charline,Ivons,,Female,294-47-4520
59,Jonathon,,jphettiplace1m@posterous.com,Bigender,278-40-3229
60,Jaquith,Sturge,,Female,858-04-5976
61,Cecilia,Syer,csyer1o@nbcnews.com,Female,148-25-6523
62,Carmela,Lukianov,clukianov1p@tuttocitta.it,Female,507-05-7349
63,Elysia,Barter,,Female,435-31-6298
64,Paige,Peacher,ppeacher1r@gov.uk,Male,478-76-2325
65,Alec,Keynd,akeynd1s@theguardian.com,Male,654-24-9525
66,Rodie,Rankling,rrankling1t@wisc.edu,Female,760-26-3544
67,Joella,Drover,,Female,
68,Lindon,MacAndie,lmacandie1v@cdbaby.com,Male,690-74-7189
69,Peggie,Websdale,pwebsdale1w@sogou.com,Female,754-20-2315
70,Vladimir,Burkin,vburkin1x@zdnet.com,Male,291-66-4598
71,Ernaline,Trevorrow,etrevorrow1y@yellowbook.com,Female,804-32-8725
72,Salomone,,sbergstrand1z@ed.gov,Male,143-54-7822
73,Ramonda,Dare,rdare20@mlb.com,Female,293-41-6041
74,Pooh,Baistow,pbaistow21@google.ca,Female,354-22-0560
75,Amabelle,Grishenkov,agrishenkov22@bloglines.com,Female,107-40-2489
76,Shelby,Doggett,sdoggett23@comsenz.com,Male,552-76-7761
77,Winnifred,Jee,,Female,243-67-9716
78,Klement,Knath,kknath25@tumblr.com,Male,223-29-0048
79,Mandel,Abrashkin,,Male,293-22-9931
80,Mella,Leeke,,Female,820-46-9453
81,Koenraad,Jacquot,kjacquot28@nymag.com,Male,691-72-7401
82,Aluino,Garbott,agarbott29@china.com.cn,Male,826-40-5200
83,Veradis,Moran,,Polygender,676-49-7407
84,Renell,Neate,rneate2b@wiley.com,Female,841-60-0958
85,Mikol,Jarmyn,mjarmyn2c@opera.com,Male,447-83-5734
86,Wilma,Mignot,wmignot2d@kickstarter.com,Female,502-72-7190
87,Filberte,Willavize,,Male,480-11-6268
88,Anders,Acaster,aacaster2f@tmall.com,Male,314-32-3798
89,Donielle,Vecard,dvecard2g@feedburner.com,Female,
90,Ethe,Droogan,edroogan2h@google.cn,Male,824-33-6974
91,Jonell,Laphorn,jlaphorn2i@ocn.ne.jp,Female,648-28-9485
92,Blondelle,Curro,bcurro2j@google.com.hk,Genderfluid,233-37-8104
93,Elmo,Royce,eroyce2k@ca.gov,Male,
94,Fax,Elleray,felleray2l@spiegel.de,Male,206-36-9098
95,Benji,Bowle,bbowle2m@columbia.edu,Male,149-79-8816
96,Carlynne,Sleany,csleany2n@opera.com,Genderqueer,611-53-5701
97,Tymon,Laval,tlaval2o@tumblr.com,Male,453-05-5352
98,Paxon,,plouiset2p@theglobeandmail.com,Male,120-80-8962
99,Kelila,Belsham,kbelsham2q@sciencedaily.com,Female